{
  "Mail": {
    "enabled": true,
    "count": 1,
    "params": {},
    "teams": []
  },
  "EXP": {
    "enabled": false,
    "count": 1,
    "params": {
      "luxcavationMode": "Enter",
      "expStage": "08"
    },
    "teams": [
      6
    ]
  },
  "Thread": {
    "enabled": false,
    "count": 1,
    "params": {
      "luxcavationMode": "Enter",
      "threadStage": "50"
    },
    "teams": [
      3
    ]
  },
  "Mirror": {
    "enabled": true,
    "count": 18,
    "params": {
      "stopPurchaseGiftMoney": 800,
      "mirror_mode": "normal",
      "accept_reward": true,
      "node_scores": {
        "node_event": 20,
        "node_regular_encounter": 9,
        "node_elite_encounter": 2,
        "node_focused_encounter": 1,
        "node_abnormality_encounter": 0,
        "node_shop": 0,
        "node_boss_encounter": 0
      }
    },
    "teams": [
      3,
      4,
      5,
      6,
      1,
      2
    ]
  },
  "Reward": {
    "enabled": true,
    "count": 1,
    "params": {},
    "teams": []
  },
  "At Last": {
    "enabled": true,
    "count": 1,
    "params": {
      "value": "Do Nothing"
    },
    "teams": []
  },
  "Daily Lunacy Purchase": {
    "enabled": true,
    "count": 1,
    "params": {},
    "teams": []
  },
  "E.G.O": {
    "enabled": true,
    "count": 1,
    "params": {},
    "teams": []
  }
}