{
  "Mail": {
    "enabled": true,
    "count": 1,
    "params": {},
    "teams": []
  },
  "EXP": {
    "enabled": false,
    "count": 1,
    "params": {
      "luxcavationMode": "Enter",
      "expStage": "08"
    },
    "teams": [
      6
    ]
  },
  "Thread": {
    "enabled": false,
    "count": 1,
    "params": {
      "luxcavationMode": "Enter",
      "threadStage": "50"
    },
    "teams": [
      3
    ]
  },
  "Mirror": {
    "enabled": true,
    "count": 12,
    "params": {
      "stopPurchaseGiftMoney": 600
    },
    "teams": [
      4,
      5,
      6,
      1,
      2,
      3
    ]
  },
  "Reward": {
    "enabled": true,
    "count": 1,
    "params": {},
    "teams": []
  },
  "At Last": {
    "enabled": true,
    "count": 1,
    "params": {
      "value": "Do Nothing"
    },
    "teams": []
  },
  "Daily Lunacy Purchase": {
    "enabled": true,
    "count": 1,
    "params": {},
    "teams": []
  }
}