{
  "0": {
    "selectedMembers": [
      "Don Quixote",
      "Rodion",
      "Ishmael",
      "Yi Sang",
      "Gregor",
      "Heathcliff",
      "Outis",
      "Ryoshu",
      "Meursault",
      "Hong Lu",
      "Faust",
      "Sinclair"
    ],
    "shopHealAll": false,
    "selectedStyleType": "Bleed",
    "selectedPreferEgoGiftTypes": [
      "Bleed"
    ],
    "selectedAccessoryTypes": [],
    "giftName2Status": {
      "Lithograph": "Allow List",
      "Homeward": "Allow List",
      "Golden Urn": "Allow List",
      "Carmilla": "Allow List",
      "Milepost of Survival": "Allow List",
      "Phlebotomy Pack": "Allow List",
      "Prejudice": "Allow List",
      "Prestige Card": "Allow List",
      "Relationship Piece of": "Allow List",
      "Renewed Merch": "Allow List",
      "Wealth": "Allow List",
      "Voracious Hammer": "Allow List",
      "Lunar Memory": "Allow List",
      "Clear Mirror, Calm Water": "Allow List",
      "Nebulizer": "Allow List",
      "Melted Eyeball": "Allow List",
      "Downpour": "Allow List",
      "Eclipse of Scarlet Moths": "Allow List"
    },
    "skillReplacementEnabled": {
      "Yi Sang": true,
      "Faust": false,
      "Gregor": true,
      "Don Quixote": true,
      "Ishmael": true,
      "Rodion": true,
      "Ryoshu": false,
      "Meursault": false,
      "Hong Lu": true,
      "Heathcliff": true,
      "Sinclair": false,
      "Outis": false
    },
    "skillReplacementOrders": {
      "Yi Sang": [
        [
          1,
          2
        ],
        [
          2,
          3
        ],
        [
          1,
          3
        ]
      ],
      "Faust": [
        [
          1,
          2
        ],
        [
          2,
          3
        ],
        [
          1,
          3
        ]
      ],
      "Gregor": [
        [
          1,
          3
        ],
        [
          2,
          3
        ],
        [
          1,
          2
        ]
      ],
      "Don Quixote": [
        [
          1,
          2
        ],
        [
          2,
          3
        ],
        [
          1,
          3
        ]
      ],
      "Ishmael": [
        [
          1,
          2
        ],
        [
          2,
          3
        ],
        [
          1,
          3
        ]
      ],
      "Rodion": [
        [
          1,
          2
        ],
        [
          2,
          3
        ],
        [
          1,
          3
        ]
      ],
      "Ryoshu": [
        [
          1,
          2
        ],
        [
          2,
          3
        ],
        [
          1,
          3
        ]
      ],
      "Meursault": [
        [
          1,
          2
        ],
        [
          2,
          3
        ],
        [
          1,
          3
        ]
      ],
      "Hong Lu": [
        [
          1,
          2
        ],
        [
          2,
          3
        ],
        [
          1,
          3
        ]
      ],
      "Heathcliff": [
        [
          1,
          3
        ],
        [
          2,
          3
        ],
        [
          1,
          2
        ]
      ],
      "Sinclair": [
        [
          1,
          2
        ],
        [
          2,
          3
        ],
        [
          1,
          3
        ]
      ],
      "Outis": [
        [
          1,
          2
        ],
        [
          2,
          3
        ],
        [
          1,
          3
        ]
      ]
    },
    "teamName": "Team 1 点击这里可以改名|Clicking here  can change it",
    "initialEgoGifts": [
      1,
      2,
      3
    ],
    "mirrorStarEnabled": {
      "4": false,
      "1": false,
      "0": true,
      "2": false,
      "6": true,
      "7": true,
      "3": true
    },
    "mirrorStarValues": {
      "1": "1",
      "7": "7",
      "0": "0",
      "6": "6",
      "4": "4",
      "2": "2",
      "3": "3"
    }
  },
  "1": {
    "selectedMembers": [
      "Ryoshu",
      "Heathcliff",
      "Hong Lu",
      "Sinclair",
      "Meursault",
      "Don Quixote",
      "Yi Sang",
      "Faust",
      "Gregor",
      "Ishmael",
      "Rodion",
      "Outis"
    ],
    "shopHealAll": false,
    "selectedStyleType": "Poise",
    "selectedPreferEgoGiftTypes": [
      "Poise"
    ],
    "selectedAccessoryTypes": [],
    "giftName2Status": {
      "Lithograph": "Allow List",
      "Homeward": "Allow List",
      "Golden Urn": "Allow List",
      "Carmilla": "Allow List",
      "Milepost of Survival": "Allow List",
      "Phlebotomy Pack": "Allow List",
      "Prejudice": "Allow List",
      "Prestige Card": "Allow List",
      "Relationship Piece of": "Allow List",
      "Renewed Merch": "Allow List",
      "Wealth": "Allow List",
      "Voracious Hammer": "Allow List",
      "Lunar Memory": "Allow List",
      "Clear Mirror, Calm Water": "Allow List",
      "Nebulizer": "Allow List",
      "Melted Eyeball": "Allow List",
      "Downpour": "Allow List",
      "Eclipse of Scarlet Moths": "Allow List"
    },
    "skillReplacementEnabled": {
      "Yi Sang": true,
      "Faust": false,
      "Gregor": false,
      "Don Quixote": true,
      "Ishmael": false,
      "Rodion": false,
      "Ryoshu": true,
      "Meursault": true,
      "Hong Lu": true,
      "Heathcliff": true,
      "Sinclair": true,
      "Outis": false
    },
    "skillReplacementOrders": {
      "Yi Sang": [
        [
          1,
          3
        ],
        [
          2,
          3
        ],
        [
          1,
          2
        ]
      ],
      "Faust": [
        [
          1,
          2
        ],
        [
          2,
          3
        ],
        [
          1,
          3
        ]
      ],
      "Gregor": [
        [
          1,
          2
        ],
        [
          2,
          3
        ],
        [
          1,
          3
        ]
      ],
      "Don Quixote": [
        [
          1,
          3
        ],
        [
          2,
          3
        ],
        [
          1,
          2
        ]
      ],
      "Ishmael": [
        [
          1,
          2
        ],
        [
          2,
          3
        ],
        [
          1,
          3
        ]
      ],
      "Rodion": [
        [
          1,
          2
        ],
        [
          2,
          3
        ],
        [
          1,
          3
        ]
      ],
      "Ryoshu": [
        [
          1,
          2
        ],
        [
          2,
          3
        ],
        [
          1,
          3
        ]
      ],
      "Meursault": [
        [
          1,
          2
        ],
        [
          2,
          3
        ],
        [
          1,
          3
        ]
      ],
      "Hong Lu": [
        [
          1,
          2
        ],
        [
          2,
          3
        ],
        [
          1,
          3
        ]
      ],
      "Heathcliff": [
        [
          1,
          3
        ],
        [
          2,
          3
        ],
        [
          1,
          2
        ]
      ],
      "Sinclair": [
        [
          1,
          2
        ],
        [
          2,
          3
        ],
        [
          1,
          3
        ]
      ],
      "Outis": [
        [
          1,
          2
        ],
        [
          2,
          3
        ],
        [
          1,
          3
        ]
      ]
    },
    "teamName": "Team 2",
    "initialEgoGifts": [
      1,
      2,
      3
    ],
    "mirrorStarEnabled": {
      "4": false,
      "1": false,
      "0": true,
      "2": false,
      "6": true,
      "7": true,
      "3": true
    },
    "mirrorStarValues": {
      "1": "1",
      "7": "7",
      "0": "0",
      "6": "6",
      "4": "4",
      "2": "2",
      "3": "3"
    }
  },
  "2": {
    "selectedMembers": [
      "Sinclair",
      "Outis",
      "Yi Sang",
      "Gregor",
      "Don Quixote",
      "Rodion",
      "Ishmael",
      "Faust",
      "Ryoshu",
      "Meursault",
      "Hong Lu",
      "Heathcliff"
    ],
    "shopHealAll": false,
    "selectedStyleType": "Burn",
    "selectedPreferEgoGiftTypes": [
      "Burn"
    ],
    "selectedAccessoryTypes": [],
    "giftName2Status": {
      "Lithograph": "Allow List",
      "Homeward": "Allow List",
      "Golden Urn": "Allow List",
      "Carmilla": "Allow List",
      "Milepost of Survival": "Allow List",
      "Phlebotomy Pack": "Allow List",
      "Prejudice": "Allow List",
      "Prestige Card": "Allow List",
      "Relationship Piece of": "Allow List",
      "Renewed Merch": "Allow List",
      "Wealth": "Allow List",
      "Voracious Hammer": "Allow List",
      "Lunar Memory": "Allow List",
      "Clear Mirror, Calm Water": "Allow List",
      "Nebulizer": "Allow List",
      "Melted Eyeball": "Allow List",
      "Downpour": "Allow List",
      "Eclipse of Scarlet Moths": "Allow List"
    },
    "skillReplacementEnabled": {
      "Yi Sang": true,
      "Faust": false,
      "Gregor": true,
      "Don Quixote": true,
      "Ishmael": true,
      "Rodion": true,
      "Ryoshu": false,
      "Meursault": false,
      "Hong Lu": false,
      "Heathcliff": false,
      "Sinclair": true,
      "Outis": true
    },
    "skillReplacementOrders": {
      "Yi Sang": [
        [
          1,
          2
        ],
        [
          2,
          3
        ],
        [
          1,
          3
        ]
      ],
      "Faust": [
        [
          1,
          2
        ],
        [
          2,
          3
        ],
        [
          1,
          3
        ]
      ],
      "Gregor": [
        [
          1,
          2
        ],
        [
          2,
          3
        ],
        [
          1,
          3
        ]
      ],
      "Don Quixote": [
        [
          1,
          2
        ],
        [
          2,
          3
        ],
        [
          1,
          3
        ]
      ],
      "Ishmael": [
        [
          1,
          3
        ],
        [
          2,
          3
        ],
        [
          1,
          2
        ]
      ],
      "Rodion": [
        [
          1,
          3
        ],
        [
          2,
          3
        ],
        [
          1,
          2
        ]
      ],
      "Ryoshu": [
        [
          1,
          2
        ],
        [
          2,
          3
        ],
        [
          1,
          3
        ]
      ],
      "Meursault": [
        [
          1,
          2
        ],
        [
          2,
          3
        ],
        [
          1,
          3
        ]
      ],
      "Hong Lu": [
        [
          1,
          2
        ],
        [
          2,
          3
        ],
        [
          1,
          3
        ]
      ],
      "Heathcliff": [
        [
          1,
          3
        ],
        [
          2,
          3
        ],
        [
          1,
          2
        ]
      ],
      "Sinclair": [
        [
          1,
          2
        ],
        [
          2,
          3
        ],
        [
          1,
          3
        ]
      ],
      "Outis": [
        [
          1,
          3
        ],
        [
          2,
          3
        ],
        [
          1,
          2
        ]
      ]
    },
    "teamName": "Team 3",
    "initialEgoGifts": [
      1,
      2,
      3
    ],
    "mirrorStarEnabled": {
      "4": false,
      "1": false,
      "0": true,
      "2": false,
      "6": true,
      "7": true,
      "3": true
    },
    "mirrorStarValues": {
      "1": "1",
      "7": "7",
      "0": "0",
      "6": "6",
      "4": "4",
      "2": "2",
      "3": "3"
    }
  },
  "3": {
    "selectedMembers": [
      "Don Quixote",
      "Ryoshu",
      "Faust",
      "Outis",
      "Yi Sang",
      "Heathcliff",
      "Hong Lu",
      "Ishmael",
      "Meursault",
      "Rodion",
      "Sinclair",
      "Gregor"
    ],
    "shopHealAll": false,
    "selectedStyleType": "Charge",
    "selectedPreferEgoGiftTypes": [
      "Charge"
    ],
    "selectedAccessoryTypes": [],
    "giftName2Status": {
      "Lithograph": "Allow List",
      "Homeward": "Allow List",
      "Golden Urn": "Allow List",
      "Carmilla": "Allow List",
      "Milepost of Survival": "Allow List",
      "Phlebotomy Pack": "Allow List",
      "Prejudice": "Allow List",
      "Prestige Card": "Allow List",
      "Relationship Piece of": "Allow List",
      "Renewed Merch": "Allow List",
      "Wealth": "Allow List",
      "Voracious Hammer": "Allow List",
      "Lunar Memory": "Allow List",
      "Clear Mirror, Calm Water": "Allow List",
      "Nebulizer": "Allow List",
      "Melted Eyeball": "Allow List",
      "Downpour": "Allow List",
      "Eclipse of Scarlet Moths": "Allow List"
    },
    "skillReplacementEnabled": {
      "Yi Sang": true,
      "Faust": true,
      "Gregor": false,
      "Don Quixote": true,
      "Ishmael": false,
      "Rodion": false,
      "Ryoshu": true,
      "Meursault": false,
      "Hong Lu": true,
      "Heathcliff": true,
      "Sinclair": false,
      "Outis": true
    },
    "skillReplacementOrders": {
      "Yi Sang": [
        [
          1,
          2
        ],
        [
          2,
          3
        ],
        [
          1,
          3
        ]
      ],
      "Faust": [
        [
          1,
          3
        ],
        [
          2,
          3
        ],
        [
          1,
          2
        ]
      ],
      "Gregor": [
        [
          1,
          2
        ],
        [
          2,
          3
        ],
        [
          1,
          3
        ]
      ],
      "Don Quixote": [
        [
          1,
          2
        ],
        [
          2,
          3
        ],
        [
          1,
          3
        ]
      ],
      "Ishmael": [
        [
          1,
          3
        ],
        [
          2,
          3
        ],
        [
          1,
          2
        ]
      ],
      "Rodion": [
        [
          1,
          3
        ],
        [
          2,
          3
        ],
        [
          1,
          2
        ]
      ],
      "Ryoshu": [
        [
          1,
          3
        ],
        [
          2,
          3
        ],
        [
          1,
          2
        ]
      ],
      "Meursault": [
        [
          1,
          2
        ],
        [
          2,
          3
        ],
        [
          1,
          3
        ]
      ],
      "Hong Lu": [
        [
          1,
          2
        ],
        [
          2,
          3
        ],
        [
          1,
          3
        ]
      ],
      "Heathcliff": [
        [
          1,
          3
        ],
        [
          2,
          3
        ],
        [
          1,
          2
        ]
      ],
      "Sinclair": [
        [
          1,
          2
        ],
        [
          2,
          3
        ],
        [
          1,
          3
        ]
      ],
      "Outis": [
        [
          1,
          2
        ],
        [
          2,
          3
        ],
        [
          1,
          3
        ]
      ]
    },
    "teamName": "Team 4",
    "initialEgoGifts": [
      1,
      2,
      3
    ],
    "mirrorStarEnabled": {
      "4": false,
      "1": false,
      "0": true,
      "2": false,
      "6": true,
      "7": true,
      "3": true
    },
    "mirrorStarValues": {
      "1": "1",
      "7": "7",
      "0": "0",
      "6": "6",
      "4": "4",
      "2": "2",
      "3": "3"
    }
  },
  "4": {
    "selectedMembers": [
      "Rodion",
      "Heathcliff",
      "Yi Sang",
      "Ishmael",
      "Hong Lu",
      "Outis",
      "Gregor",
      "Faust",
      "Ryoshu",
      "Don Quixote",
      "Meursault",
      "Sinclair"
    ],
    "shopHealAll": false,
    "selectedStyleType": "Sinking",
    "selectedPreferEgoGiftTypes": [
      "Sinking"
    ],
    "selectedAccessoryTypes": [],
    "giftName2Status": {
      "Lithograph": "Allow List",
      "Homeward": "Allow List",
      "Golden Urn": "Allow List",
      "Carmilla": "Allow List",
      "Milepost of Survival": "Allow List",
      "Phlebotomy Pack": "Allow List",
      "Prejudice": "Allow List",
      "Prestige Card": "Allow List",
      "Relationship Piece of": "Allow List",
      "Renewed Merch": "Allow List",
      "Wealth": "Allow List",
      "Voracious Hammer": "Allow List",
      "Lunar Memory": "Allow List",
      "Clear Mirror, Calm Water": "Allow List",
      "Nebulizer": "Allow List",
      "Melted Eyeball": "Allow List",
      "Downpour": "Allow List",
      "Eclipse of Scarlet Moths": "Allow List"
    },
    "skillReplacementEnabled": {
      "Yi Sang": true,
      "Faust": false,
      "Gregor": true,
      "Don Quixote": false,
      "Ishmael": true,
      "Rodion": true,
      "Ryoshu": false,
      "Meursault": false,
      "Hong Lu": true,
      "Heathcliff": true,
      "Sinclair": false,
      "Outis": true
    },
    "skillReplacementOrders": {
      "Yi Sang": [
        [
          1,
          2
        ],
        [
          2,
          3
        ],
        [
          1,
          3
        ]
      ],
      "Faust": [
        [
          1,
          2
        ],
        [
          2,
          3
        ],
        [
          1,
          3
        ]
      ],
      "Gregor": [
        [
          1,
          2
        ],
        [
          2,
          3
        ],
        [
          1,
          3
        ]
      ],
      "Don Quixote": [
        [
          1,
          2
        ],
        [
          2,
          3
        ],
        [
          1,
          3
        ]
      ],
      "Ishmael": [
        [
          1,
          3
        ],
        [
          2,
          3
        ],
        [
          1,
          2
        ]
      ],
      "Rodion": [
        [
          1,
          2
        ],
        [
          2,
          3
        ],
        [
          1,
          3
        ]
      ],
      "Ryoshu": [
        [
          1,
          2
        ],
        [
          2,
          3
        ],
        [
          1,
          3
        ]
      ],
      "Meursault": [
        [
          1,
          2
        ],
        [
          2,
          3
        ],
        [
          1,
          3
        ]
      ],
      "Hong Lu": [
        [
          1,
          3
        ],
        [
          2,
          3
        ],
        [
          1,
          2
        ]
      ],
      "Heathcliff": [
        [
          1,
          3
        ],
        [
          2,
          3
        ],
        [
          1,
          2
        ]
      ],
      "Sinclair": [
        [
          1,
          2
        ],
        [
          2,
          3
        ],
        [
          1,
          3
        ]
      ],
      "Outis": [
        [
          1,
          3
        ],
        [
          2,
          3
        ],
        [
          1,
          2
        ]
      ]
    },
    "teamName": "Team 5",
    "initialEgoGifts": [
      1,
      2,
      3
    ],
    "mirrorStarEnabled": {
      "4": false,
      "1": false,
      "0": true,
      "2": false,
      "6": true,
      "7": true,
      "3": true
    },
    "mirrorStarValues": {
      "1": "1",
      "7": "7",
      "0": "0",
      "6": "6",
      "4": "4",
      "2": "2",
      "3": "3"
    }
  },
  "5": {
    "selectedMembers": [
      "Hong Lu",
      "Faust",
      "Ryoshu",
      "Rodion",
      "Outis",
      "Gregor",
      "Sinclair",
      "Don Quixote",
      "Yi Sang",
      "Meursault",
      "Heathcliff",
      "Ishmael"
    ],
    "shopHealAll": false,
    "selectedStyleType": "Rupture",
    "selectedPreferEgoGiftTypes": [
      "Rupture"
    ],
    "selectedAccessoryTypes": [],
    "giftName2Status": {
      "Lithograph": "Allow List",
      "Homeward": "Allow List",
      "Golden Urn": "Allow List",
      "Carmilla": "Allow List",
      "Milepost of Survival": "Allow List",
      "Phlebotomy Pack": "Allow List",
      "Prejudice": "Allow List",
      "Prestige Card": "Allow List",
      "Relationship Piece of": "Allow List",
      "Renewed Merch": "Allow List",
      "Wealth": "Allow List",
      "Voracious Hammer": "Allow List",
      "Lunar Memory": "Allow List",
      "Clear Mirror, Calm Water": "Allow List",
      "Nebulizer": "Allow List",
      "Melted Eyeball": "Allow List",
      "Downpour": "Allow List",
      "Eclipse of Scarlet Moths": "Allow List"
    },
    "skillReplacementEnabled": {
      "Yi Sang": false,
      "Faust": true,
      "Gregor": true,
      "Don Quixote": false,
      "Ishmael": false,
      "Rodion": true,
      "Ryoshu": true,
      "Meursault": false,
      "Hong Lu": true,
      "Heathcliff": false,
      "Sinclair": true,
      "Outis": true
    },
    "skillReplacementOrders": {
      "Yi Sang": [
        [
          1,
          2
        ],
        [
          2,
          3
        ],
        [
          1,
          3
        ]
      ],
      "Faust": [
        [
          1,
          3
        ],
        [
          2,
          3
        ],
        [
          1,
          2
        ]
      ],
      "Gregor": [
        [
          1,
          2
        ],
        [
          2,
          3
        ],
        [
          1,
          3
        ]
      ],
      "Don Quixote": [
        [
          1,
          2
        ],
        [
          2,
          3
        ],
        [
          1,
          3
        ]
      ],
      "Ishmael": [
        [
          1,
          3
        ],
        [
          2,
          3
        ],
        [
          1,
          2
        ]
      ],
      "Rodion": [
        [
          1,
          3
        ],
        [
          2,
          3
        ],
        [
          1,
          2
        ]
      ],
      "Ryoshu": [
        [
          1,
          2
        ],
        [
          2,
          3
        ],
        [
          1,
          3
        ]
      ],
      "Meursault": [
        [
          1,
          2
        ],
        [
          2,
          3
        ],
        [
          1,
          3
        ]
      ],
      "Hong Lu": [
        [
          1,
          3
        ],
        [
          2,
          3
        ],
        [
          1,
          2
        ]
      ],
      "Heathcliff": [
        [
          1,
          3
        ],
        [
          2,
          3
        ],
        [
          1,
          2
        ]
      ],
      "Sinclair": [
        [
          1,
          2
        ],
        [
          2,
          3
        ],
        [
          1,
          3
        ]
      ],
      "Outis": [
        [
          1,
          3
        ],
        [
          2,
          3
        ],
        [
          1,
          2
        ]
      ]
    },
    "teamName": "Team 6",
    "initialEgoGifts": [
      1,
      2,
      3
    ],
    "mirrorStarEnabled": {
      "4": false,
      "1": false,
      "0": true,
      "2": false,
      "6": true,
      "7": true,
      "3": true
    },
    "mirrorStarValues": {
      "1": "1",
      "7": "7",
      "0": "0",
      "6": "6",
      "4": "4",
      "2": "2",
      "3": "3"
    }
  },
  "6": {
    "selectedMembers": [],
    "shopHealAll": false,
    "selectedStyleType": "Bleed",
    "selectedPreferEgoGiftTypes": [],
    "selectedAccessoryTypes": [],
    "giftName2Status": {},
    "skillReplacementEnabled": {
      "Yi Sang": false,
      "Faust": false,
      "Gregor": false,
      "Don Quixote": false,
      "Ishmael": false,
      "Rodion": false,
      "Ryoshu": false,
      "Meursault": false,
      "Hong Lu": false,
      "Heathcliff": false,
      "Sinclair": false,
      "Outis": false
    },
    "skillReplacementOrders": {
      "Yi Sang": [
        [
          1,
          2
        ],
        [
          2,
          3
        ],
        [
          1,
          3
        ]
      ],
      "Faust": [
        [
          1,
          2
        ],
        [
          2,
          3
        ],
        [
          1,
          3
        ]
      ],
      "Gregor": [
        [
          1,
          2
        ],
        [
          2,
          3
        ],
        [
          1,
          3
        ]
      ],
      "Don Quixote": [
        [
          1,
          2
        ],
        [
          2,
          3
        ],
        [
          1,
          3
        ]
      ],
      "Ishmael": [
        [
          1,
          2
        ],
        [
          2,
          3
        ],
        [
          1,
          3
        ]
      ],
      "Rodion": [
        [
          1,
          2
        ],
        [
          2,
          3
        ],
        [
          1,
          3
        ]
      ],
      "Ryoshu": [
        [
          1,
          2
        ],
        [
          2,
          3
        ],
        [
          1,
          3
        ]
      ],
      "Meursault": [
        [
          1,
          2
        ],
        [
          2,
          3
        ],
        [
          1,
          3
        ]
      ],
      "Hong Lu": [
        [
          1,
          2
        ],
        [
          2,
          3
        ],
        [
          1,
          3
        ]
      ],
      "Heathcliff": [
        [
          1,
          2
        ],
        [
          2,
          3
        ],
        [
          1,
          3
        ]
      ],
      "Sinclair": [
        [
          1,
          2
        ],
        [
          2,
          3
        ],
        [
          1,
          3
        ]
      ],
      "Outis": [
        [
          1,
          2
        ],
        [
          2,
          3
        ],
        [
          1,
          3
        ]
      ]
    },
    "teamName": "Team 7",
    "initialEgoGifts": [
      1,
      2,
      3
    ],
    "mirrorStarEnabled": {},
    "mirrorStarValues": {}
  },
  "7": {
    "selectedMembers": [],
    "shopHealAll": false,
    "selectedStyleType": "Bleed",
    "selectedPreferEgoGiftTypes": [],
    "selectedAccessoryTypes": [],
    "giftName2Status": {},
    "skillReplacementEnabled": {
      "Yi Sang": false,
      "Faust": false,
      "Gregor": false,
      "Don Quixote": false,
      "Ishmael": false,
      "Rodion": false,
      "Ryoshu": false,
      "Meursault": false,
      "Hong Lu": false,
      "Heathcliff": false,
      "Sinclair": false,
      "Outis": false
    },
    "skillReplacementOrders": {
      "Yi Sang": [
        [
          1,
          2
        ],
        [
          2,
          3
        ],
        [
          1,
          3
        ]
      ],
      "Faust": [
        [
          1,
          2
        ],
        [
          2,
          3
        ],
        [
          1,
          3
        ]
      ],
      "Gregor": [
        [
          1,
          2
        ],
        [
          2,
          3
        ],
        [
          1,
          3
        ]
      ],
      "Don Quixote": [
        [
          1,
          2
        ],
        [
          2,
          3
        ],
        [
          1,
          3
        ]
      ],
      "Ishmael": [
        [
          1,
          2
        ],
        [
          2,
          3
        ],
        [
          1,
          3
        ]
      ],
      "Rodion": [
        [
          1,
          2
        ],
        [
          2,
          3
        ],
        [
          1,
          3
        ]
      ],
      "Ryoshu": [
        [
          1,
          2
        ],
        [
          2,
          3
        ],
        [
          1,
          3
        ]
      ],
      "Meursault": [
        [
          1,
          2
        ],
        [
          2,
          3
        ],
        [
          1,
          3
        ]
      ],
      "Hong Lu": [
        [
          1,
          2
        ],
        [
          2,
          3
        ],
        [
          1,
          3
        ]
      ],
      "Heathcliff": [
        [
          1,
          2
        ],
        [
          2,
          3
        ],
        [
          1,
          3
        ]
      ],
      "Sinclair": [
        [
          1,
          2
        ],
        [
          2,
          3
        ],
        [
          1,
          3
        ]
      ],
      "Outis": [
        [
          1,
          2
        ],
        [
          2,
          3
        ],
        [
          1,
          3
        ]
      ]
    },
    "teamName": "Team 8",
    "initialEgoGifts": [
      1,
      2,
      3
    ],
    "mirrorStarEnabled": {},
    "mirrorStarValues": {}
  },
  "8": {
    "selectedMembers": [],
    "shopHealAll": false,
    "selectedStyleType": "Bleed",
    "selectedPreferEgoGiftTypes": [],
    "selectedAccessoryTypes": [],
    "giftName2Status": {},
    "skillReplacementEnabled": {
      "Yi Sang": false,
      "Faust": false,
      "Gregor": false,
      "Don Quixote": false,
      "Ishmael": false,
      "Rodion": false,
      "Ryoshu": false,
      "Meursault": false,
      "Hong Lu": false,
      "Heathcliff": false,
      "Sinclair": false,
      "Outis": false
    },
    "skillReplacementOrders": {
      "Yi Sang": [
        [
          1,
          2
        ],
        [
          2,
          3
        ],
        [
          1,
          3
        ]
      ],
      "Faust": [
        [
          1,
          2
        ],
        [
          2,
          3
        ],
        [
          1,
          3
        ]
      ],
      "Gregor": [
        [
          1,
          2
        ],
        [
          2,
          3
        ],
        [
          1,
          3
        ]
      ],
      "Don Quixote": [
        [
          1,
          2
        ],
        [
          2,
          3
        ],
        [
          1,
          3
        ]
      ],
      "Ishmael": [
        [
          1,
          2
        ],
        [
          2,
          3
        ],
        [
          1,
          3
        ]
      ],
      "Rodion": [
        [
          1,
          2
        ],
        [
          2,
          3
        ],
        [
          1,
          3
        ]
      ],
      "Ryoshu": [
        [
          1,
          2
        ],
        [
          2,
          3
        ],
        [
          1,
          3
        ]
      ],
      "Meursault": [
        [
          1,
          2
        ],
        [
          2,
          3
        ],
        [
          1,
          3
        ]
      ],
      "Hong Lu": [
        [
          1,
          2
        ],
        [
          2,
          3
        ],
        [
          1,
          3
        ]
      ],
      "Heathcliff": [
        [
          1,
          2
        ],
        [
          2,
          3
        ],
        [
          1,
          3
        ]
      ],
      "Sinclair": [
        [
          1,
          2
        ],
        [
          2,
          3
        ],
        [
          1,
          3
        ]
      ],
      "Outis": [
        [
          1,
          2
        ],
        [
          2,
          3
        ],
        [
          1,
          3
        ]
      ]
    },
    "teamName": "Team 9",
    "initialEgoGifts": [
      1,
      2,
      3
    ],
    "mirrorStarEnabled": {},
    "mirrorStarValues": {}
  },
  "9": {
    "selectedMembers": [],
    "shopHealAll": false,
    "selectedStyleType": "Bleed",
    "selectedPreferEgoGiftTypes": [],
    "selectedAccessoryTypes": [],
    "giftName2Status": {},
    "skillReplacementEnabled": {
      "Yi Sang": false,
      "Faust": false,
      "Gregor": false,
      "Don Quixote": false,
      "Ishmael": false,
      "Rodion": false,
      "Ryoshu": false,
      "Meursault": false,
      "Hong Lu": false,
      "Heathcliff": false,
      "Sinclair": false,
      "Outis": false
    },
    "skillReplacementOrders": {
      "Yi Sang": [
        [
          1,
          2
        ],
        [
          2,
          3
        ],
        [
          1,
          3
        ]
      ],
      "Faust": [
        [
          1,
          2
        ],
        [
          2,
          3
        ],
        [
          1,
          3
        ]
      ],
      "Gregor": [
        [
          1,
          2
        ],
        [
          2,
          3
        ],
        [
          1,
          3
        ]
      ],
      "Don Quixote": [
        [
          1,
          2
        ],
        [
          2,
          3
        ],
        [
          1,
          3
        ]
      ],
      "Ishmael": [
        [
          1,
          2
        ],
        [
          2,
          3
        ],
        [
          1,
          3
        ]
      ],
      "Rodion": [
        [
          1,
          2
        ],
        [
          2,
          3
        ],
        [
          1,
          3
        ]
      ],
      "Ryoshu": [
        [
          1,
          2
        ],
        [
          2,
          3
        ],
        [
          1,
          3
        ]
      ],
      "Meursault": [
        [
          1,
          2
        ],
        [
          2,
          3
        ],
        [
          1,
          3
        ]
      ],
      "Hong Lu": [
        [
          1,
          2
        ],
        [
          2,
          3
        ],
        [
          1,
          3
        ]
      ],
      "Heathcliff": [
        [
          1,
          2
        ],
        [
          2,
          3
        ],
        [
          1,
          3
        ]
      ],
      "Sinclair": [
        [
          1,
          2
        ],
        [
          2,
          3
        ],
        [
          1,
          3
        ]
      ],
      "Outis": [
        [
          1,
          2
        ],
        [
          2,
          3
        ],
        [
          1,
          3
        ]
      ]
    },
    "teamName": "Team 10",
    "initialEgoGifts": [
      1,
      2,
      3
    ],
    "mirrorStarEnabled": {},
    "mirrorStarValues": {}
  },
  "10": {
    "selectedMembers": [],
    "shopHealAll": false,
    "selectedStyleType": "Bleed",
    "selectedPreferEgoGiftTypes": [],
    "selectedAccessoryTypes": [],
    "giftName2Status": {},
    "skillReplacementEnabled": {
      "Yi Sang": false,
      "Faust": false,
      "Gregor": false,
      "Don Quixote": false,
      "Ishmael": false,
      "Rodion": false,
      "Ryoshu": false,
      "Meursault": false,
      "Hong Lu": false,
      "Heathcliff": false,
      "Sinclair": false,
      "Outis": false
    },
    "skillReplacementOrders": {
      "Yi Sang": [
        [
          1,
          2
        ],
        [
          2,
          3
        ],
        [
          1,
          3
        ]
      ],
      "Faust": [
        [
          1,
          2
        ],
        [
          2,
          3
        ],
        [
          1,
          3
        ]
      ],
      "Gregor": [
        [
          1,
          2
        ],
        [
          2,
          3
        ],
        [
          1,
          3
        ]
      ],
      "Don Quixote": [
        [
          1,
          2
        ],
        [
          2,
          3
        ],
        [
          1,
          3
        ]
      ],
      "Ishmael": [
        [
          1,
          2
        ],
        [
          2,
          3
        ],
        [
          1,
          3
        ]
      ],
      "Rodion": [
        [
          1,
          2
        ],
        [
          2,
          3
        ],
        [
          1,
          3
        ]
      ],
      "Ryoshu": [
        [
          1,
          2
        ],
        [
          2,
          3
        ],
        [
          1,
          3
        ]
      ],
      "Meursault": [
        [
          1,
          2
        ],
        [
          2,
          3
        ],
        [
          1,
          3
        ]
      ],
      "Hong Lu": [
        [
          1,
          2
        ],
        [
          2,
          3
        ],
        [
          1,
          3
        ]
      ],
      "Heathcliff": [
        [
          1,
          2
        ],
        [
          2,
          3
        ],
        [
          1,
          3
        ]
      ],
      "Sinclair": [
        [
          1,
          2
        ],
        [
          2,
          3
        ],
        [
          1,
          3
        ]
      ],
      "Outis": [
        [
          1,
          2
        ],
        [
          2,
          3
        ],
        [
          1,
          3
        ]
      ]
    },
    "teamName": "Team 11",
    "initialEgoGifts": [
      1,
      2,
      3
    ],
    "mirrorStarEnabled": {},
    "mirrorStarValues": {}
  },
  "11": {
    "selectedMembers": [],
    "shopHealAll": false,
    "selectedStyleType": "Bleed",
    "selectedPreferEgoGiftTypes": [],
    "selectedAccessoryTypes": [],
    "giftName2Status": {},
    "skillReplacementEnabled": {
      "Yi Sang": false,
      "Faust": false,
      "Gregor": false,
      "Don Quixote": false,
      "Ishmael": false,
      "Rodion": false,
      "Ryoshu": false,
      "Meursault": false,
      "Hong Lu": false,
      "Heathcliff": false,
      "Sinclair": false,
      "Outis": false
    },
    "skillReplacementOrders": {
      "Yi Sang": [
        [
          1,
          2
        ],
        [
          2,
          3
        ],
        [
          1,
          3
        ]
      ],
      "Faust": [
        [
          1,
          2
        ],
        [
          2,
          3
        ],
        [
          1,
          3
        ]
      ],
      "Gregor": [
        [
          1,
          2
        ],
        [
          2,
          3
        ],
        [
          1,
          3
        ]
      ],
      "Don Quixote": [
        [
          1,
          2
        ],
        [
          2,
          3
        ],
        [
          1,
          3
        ]
      ],
      "Ishmael": [
        [
          1,
          2
        ],
        [
          2,
          3
        ],
        [
          1,
          3
        ]
      ],
      "Rodion": [
        [
          1,
          2
        ],
        [
          2,
          3
        ],
        [
          1,
          3
        ]
      ],
      "Ryoshu": [
        [
          1,
          2
        ],
        [
          2,
          3
        ],
        [
          1,
          3
        ]
      ],
      "Meursault": [
        [
          1,
          2
        ],
        [
          2,
          3
        ],
        [
          1,
          3
        ]
      ],
      "Hong Lu": [
        [
          1,
          2
        ],
        [
          2,
          3
        ],
        [
          1,
          3
        ]
      ],
      "Heathcliff": [
        [
          1,
          2
        ],
        [
          2,
          3
        ],
        [
          1,
          3
        ]
      ],
      "Sinclair": [
        [
          1,
          2
        ],
        [
          2,
          3
        ],
        [
          1,
          3
        ]
      ],
      "Outis": [
        [
          1,
          2
        ],
        [
          2,
          3
        ],
        [
          1,
          3
        ]
      ]
    },
    "teamName": "Team 12",
    "initialEgoGifts": [
      1,
      2,
      3
    ],
    "mirrorStarEnabled": {},
    "mirrorStarValues": {}
  },
  "12": {
    "selectedMembers": [],
    "shopHealAll": false,
    "selectedStyleType": "Bleed",
    "selectedPreferEgoGiftTypes": [],
    "selectedAccessoryTypes": [],
    "giftName2Status": {},
    "skillReplacementEnabled": {
      "Yi Sang": false,
      "Faust": false,
      "Gregor": false,
      "Don Quixote": false,
      "Ishmael": false,
      "Rodion": false,
      "Ryoshu": false,
      "Meursault": false,
      "Hong Lu": false,
      "Heathcliff": false,
      "Sinclair": false,
      "Outis": false
    },
    "skillReplacementOrders": {
      "Yi Sang": [
        [
          1,
          2
        ],
        [
          2,
          3
        ],
        [
          1,
          3
        ]
      ],
      "Faust": [
        [
          1,
          2
        ],
        [
          2,
          3
        ],
        [
          1,
          3
        ]
      ],
      "Gregor": [
        [
          1,
          2
        ],
        [
          2,
          3
        ],
        [
          1,
          3
        ]
      ],
      "Don Quixote": [
        [
          1,
          2
        ],
        [
          2,
          3
        ],
        [
          1,
          3
        ]
      ],
      "Ishmael": [
        [
          1,
          2
        ],
        [
          2,
          3
        ],
        [
          1,
          3
        ]
      ],
      "Rodion": [
        [
          1,
          2
        ],
        [
          2,
          3
        ],
        [
          1,
          3
        ]
      ],
      "Ryoshu": [
        [
          1,
          2
        ],
        [
          2,
          3
        ],
        [
          1,
          3
        ]
      ],
      "Meursault": [
        [
          1,
          2
        ],
        [
          2,
          3
        ],
        [
          1,
          3
        ]
      ],
      "Hong Lu": [
        [
          1,
          2
        ],
        [
          2,
          3
        ],
        [
          1,
          3
        ]
      ],
      "Heathcliff": [
        [
          1,
          2
        ],
        [
          2,
          3
        ],
        [
          1,
          3
        ]
      ],
      "Sinclair": [
        [
          1,
          2
        ],
        [
          2,
          3
        ],
        [
          1,
          3
        ]
      ],
      "Outis": [
        [
          1,
          2
        ],
        [
          2,
          3
        ],
        [
          1,
          3
        ]
      ]
    },
    "teamName": "Team 13",
    "initialEgoGifts": [
      1,
      2,
      3
    ],
    "mirrorStarEnabled": {},
    "mirrorStarValues": {}
  },
  "13": {
    "selectedMembers": [],
    "shopHealAll": false,
    "selectedStyleType": "Bleed",
    "selectedPreferEgoGiftTypes": [],
    "selectedAccessoryTypes": [],
    "giftName2Status": {},
    "skillReplacementEnabled": {
      "Yi Sang": false,
      "Faust": false,
      "Gregor": false,
      "Don Quixote": false,
      "Ishmael": false,
      "Rodion": false,
      "Ryoshu": false,
      "Meursault": false,
      "Hong Lu": false,
      "Heathcliff": false,
      "Sinclair": false,
      "Outis": false
    },
    "skillReplacementOrders": {
      "Yi Sang": [
        [
          1,
          2
        ],
        [
          2,
          3
        ],
        [
          1,
          3
        ]
      ],
      "Faust": [
        [
          1,
          2
        ],
        [
          2,
          3
        ],
        [
          1,
          3
        ]
      ],
      "Gregor": [
        [
          1,
          2
        ],
        [
          2,
          3
        ],
        [
          1,
          3
        ]
      ],
      "Don Quixote": [
        [
          1,
          2
        ],
        [
          2,
          3
        ],
        [
          1,
          3
        ]
      ],
      "Ishmael": [
        [
          1,
          2
        ],
        [
          2,
          3
        ],
        [
          1,
          3
        ]
      ],
      "Rodion": [
        [
          1,
          2
        ],
        [
          2,
          3
        ],
        [
          1,
          3
        ]
      ],
      "Ryoshu": [
        [
          1,
          2
        ],
        [
          2,
          3
        ],
        [
          1,
          3
        ]
      ],
      "Meursault": [
        [
          1,
          2
        ],
        [
          2,
          3
        ],
        [
          1,
          3
        ]
      ],
      "Hong Lu": [
        [
          1,
          2
        ],
        [
          2,
          3
        ],
        [
          1,
          3
        ]
      ],
      "Heathcliff": [
        [
          1,
          2
        ],
        [
          2,
          3
        ],
        [
          1,
          3
        ]
      ],
      "Sinclair": [
        [
          1,
          2
        ],
        [
          2,
          3
        ],
        [
          1,
          3
        ]
      ],
      "Outis": [
        [
          1,
          2
        ],
        [
          2,
          3
        ],
        [
          1,
          3
        ]
      ]
    },
    "teamName": "Team 14",
    "initialEgoGifts": [
      1,
      2,
      3
    ],
    "mirrorStarEnabled": {},
    "mirrorStarValues": {}
  },
  "14": {
    "selectedMembers": [],
    "shopHealAll": false,
    "selectedStyleType": "Bleed",
    "selectedPreferEgoGiftTypes": [],
    "selectedAccessoryTypes": [],
    "giftName2Status": {},
    "skillReplacementEnabled": {
      "Yi Sang": false,
      "Faust": false,
      "Gregor": false,
      "Don Quixote": false,
      "Ishmael": false,
      "Rodion": false,
      "Ryoshu": false,
      "Meursault": false,
      "Hong Lu": false,
      "Heathcliff": false,
      "Sinclair": false,
      "Outis": false
    },
    "skillReplacementOrders": {
      "Yi Sang": [
        [
          1,
          2
        ],
        [
          2,
          3
        ],
        [
          1,
          3
        ]
      ],
      "Faust": [
        [
          1,
          2
        ],
        [
          2,
          3
        ],
        [
          1,
          3
        ]
      ],
      "Gregor": [
        [
          1,
          2
        ],
        [
          2,
          3
        ],
        [
          1,
          3
        ]
      ],
      "Don Quixote": [
        [
          1,
          2
        ],
        [
          2,
          3
        ],
        [
          1,
          3
        ]
      ],
      "Ishmael": [
        [
          1,
          2
        ],
        [
          2,
          3
        ],
        [
          1,
          3
        ]
      ],
      "Rodion": [
        [
          1,
          2
        ],
        [
          2,
          3
        ],
        [
          1,
          3
        ]
      ],
      "Ryoshu": [
        [
          1,
          2
        ],
        [
          2,
          3
        ],
        [
          1,
          3
        ]
      ],
      "Meursault": [
        [
          1,
          2
        ],
        [
          2,
          3
        ],
        [
          1,
          3
        ]
      ],
      "Hong Lu": [
        [
          1,
          2
        ],
        [
          2,
          3
        ],
        [
          1,
          3
        ]
      ],
      "Heathcliff": [
        [
          1,
          2
        ],
        [
          2,
          3
        ],
        [
          1,
          3
        ]
      ],
      "Sinclair": [
        [
          1,
          2
        ],
        [
          2,
          3
        ],
        [
          1,
          3
        ]
      ],
      "Outis": [
        [
          1,
          2
        ],
        [
          2,
          3
        ],
        [
          1,
          3
        ]
      ]
    },
    "teamName": "Team 15",
    "initialEgoGifts": [
      1,
      2,
      3
    ],
    "mirrorStarEnabled": {},
    "mirrorStarValues": {}
  },
  "15": {
    "selectedMembers": [],
    "shopHealAll": false,
    "selectedStyleType": "Bleed",
    "selectedPreferEgoGiftTypes": [],
    "selectedAccessoryTypes": [],
    "giftName2Status": {},
    "skillReplacementEnabled": {
      "Yi Sang": false,
      "Faust": false,
      "Gregor": false,
      "Don Quixote": false,
      "Ishmael": false,
      "Rodion": false,
      "Ryoshu": false,
      "Meursault": false,
      "Hong Lu": false,
      "Heathcliff": false,
      "Sinclair": false,
      "Outis": false
    },
    "skillReplacementOrders": {
      "Yi Sang": [
        [
          1,
          2
        ],
        [
          2,
          3
        ],
        [
          1,
          3
        ]
      ],
      "Faust": [
        [
          1,
          2
        ],
        [
          2,
          3
        ],
        [
          1,
          3
        ]
      ],
      "Gregor": [
        [
          1,
          2
        ],
        [
          2,
          3
        ],
        [
          1,
          3
        ]
      ],
      "Don Quixote": [
        [
          1,
          2
        ],
        [
          2,
          3
        ],
        [
          1,
          3
        ]
      ],
      "Ishmael": [
        [
          1,
          2
        ],
        [
          2,
          3
        ],
        [
          1,
          3
        ]
      ],
      "Rodion": [
        [
          1,
          2
        ],
        [
          2,
          3
        ],
        [
          1,
          3
        ]
      ],
      "Ryoshu": [
        [
          1,
          2
        ],
        [
          2,
          3
        ],
        [
          1,
          3
        ]
      ],
      "Meursault": [
        [
          1,
          2
        ],
        [
          2,
          3
        ],
        [
          1,
          3
        ]
      ],
      "Hong Lu": [
        [
          1,
          2
        ],
        [
          2,
          3
        ],
        [
          1,
          3
        ]
      ],
      "Heathcliff": [
        [
          1,
          2
        ],
        [
          2,
          3
        ],
        [
          1,
          3
        ]
      ],
      "Sinclair": [
        [
          1,
          2
        ],
        [
          2,
          3
        ],
        [
          1,
          3
        ]
      ],
      "Outis": [
        [
          1,
          2
        ],
        [
          2,
          3
        ],
        [
          1,
          3
        ]
      ]
    },
    "teamName": "Team 16",
    "initialEgoGifts": [
      1,
      2,
      3
    ],
    "mirrorStarEnabled": {},
    "mirrorStarValues": {}
  },
  "16": {
    "selectedMembers": [],
    "shopHealAll": false,
    "selectedStyleType": "Bleed",
    "selectedPreferEgoGiftTypes": [],
    "selectedAccessoryTypes": [],
    "giftName2Status": {},
    "skillReplacementEnabled": {
      "Yi Sang": false,
      "Faust": false,
      "Gregor": false,
      "Don Quixote": false,
      "Ishmael": false,
      "Rodion": false,
      "Ryoshu": false,
      "Meursault": false,
      "Hong Lu": false,
      "Heathcliff": false,
      "Sinclair": false,
      "Outis": false
    },
    "skillReplacementOrders": {
      "Yi Sang": [
        [
          1,
          2
        ],
        [
          2,
          3
        ],
        [
          1,
          3
        ]
      ],
      "Faust": [
        [
          1,
          2
        ],
        [
          2,
          3
        ],
        [
          1,
          3
        ]
      ],
      "Gregor": [
        [
          1,
          2
        ],
        [
          2,
          3
        ],
        [
          1,
          3
        ]
      ],
      "Don Quixote": [
        [
          1,
          2
        ],
        [
          2,
          3
        ],
        [
          1,
          3
        ]
      ],
      "Ishmael": [
        [
          1,
          2
        ],
        [
          2,
          3
        ],
        [
          1,
          3
        ]
      ],
      "Rodion": [
        [
          1,
          2
        ],
        [
          2,
          3
        ],
        [
          1,
          3
        ]
      ],
      "Ryoshu": [
        [
          1,
          2
        ],
        [
          2,
          3
        ],
        [
          1,
          3
        ]
      ],
      "Meursault": [
        [
          1,
          2
        ],
        [
          2,
          3
        ],
        [
          1,
          3
        ]
      ],
      "Hong Lu": [
        [
          1,
          2
        ],
        [
          2,
          3
        ],
        [
          1,
          3
        ]
      ],
      "Heathcliff": [
        [
          1,
          2
        ],
        [
          2,
          3
        ],
        [
          1,
          3
        ]
      ],
      "Sinclair": [
        [
          1,
          2
        ],
        [
          2,
          3
        ],
        [
          1,
          3
        ]
      ],
      "Outis": [
        [
          1,
          2
        ],
        [
          2,
          3
        ],
        [
          1,
          3
        ]
      ]
    },
    "teamName": "Team 17",
    "initialEgoGifts": [
      1,
      2,
      3
    ],
    "mirrorStarEnabled": {},
    "mirrorStarValues": {}
  },
  "17": {
    "selectedMembers": [],
    "shopHealAll": false,
    "selectedStyleType": "Bleed",
    "selectedPreferEgoGiftTypes": [],
    "selectedAccessoryTypes": [],
    "giftName2Status": {},
    "skillReplacementEnabled": {
      "Yi Sang": false,
      "Faust": false,
      "Gregor": false,
      "Don Quixote": false,
      "Ishmael": false,
      "Rodion": false,
      "Ryoshu": false,
      "Meursault": false,
      "Hong Lu": false,
      "Heathcliff": false,
      "Sinclair": false,
      "Outis": false
    },
    "skillReplacementOrders": {
      "Yi Sang": [
        [
          1,
          2
        ],
        [
          2,
          3
        ],
        [
          1,
          3
        ]
      ],
      "Faust": [
        [
          1,
          2
        ],
        [
          2,
          3
        ],
        [
          1,
          3
        ]
      ],
      "Gregor": [
        [
          1,
          2
        ],
        [
          2,
          3
        ],
        [
          1,
          3
        ]
      ],
      "Don Quixote": [
        [
          1,
          2
        ],
        [
          2,
          3
        ],
        [
          1,
          3
        ]
      ],
      "Ishmael": [
        [
          1,
          2
        ],
        [
          2,
          3
        ],
        [
          1,
          3
        ]
      ],
      "Rodion": [
        [
          1,
          2
        ],
        [
          2,
          3
        ],
        [
          1,
          3
        ]
      ],
      "Ryoshu": [
        [
          1,
          2
        ],
        [
          2,
          3
        ],
        [
          1,
          3
        ]
      ],
      "Meursault": [
        [
          1,
          2
        ],
        [
          2,
          3
        ],
        [
          1,
          3
        ]
      ],
      "Hong Lu": [
        [
          1,
          2
        ],
        [
          2,
          3
        ],
        [
          1,
          3
        ]
      ],
      "Heathcliff": [
        [
          1,
          2
        ],
        [
          2,
          3
        ],
        [
          1,
          3
        ]
      ],
      "Sinclair": [
        [
          1,
          2
        ],
        [
          2,
          3
        ],
        [
          1,
          3
        ]
      ],
      "Outis": [
        [
          1,
          2
        ],
        [
          2,
          3
        ],
        [
          1,
          3
        ]
      ]
    },
    "teamName": "Team 18",
    "initialEgoGifts": [
      1,
      2,
      3
    ],
    "mirrorStarEnabled": {},
    "mirrorStarValues": {}
  },
  "18": {
    "selectedMembers": [],
    "shopHealAll": false,
    "selectedStyleType": "Bleed",
    "selectedPreferEgoGiftTypes": [],
    "selectedAccessoryTypes": [],
    "giftName2Status": {},
    "skillReplacementEnabled": {
      "Yi Sang": false,
      "Faust": false,
      "Gregor": false,
      "Don Quixote": false,
      "Ishmael": false,
      "Rodion": false,
      "Ryoshu": false,
      "Meursault": false,
      "Hong Lu": false,
      "Heathcliff": false,
      "Sinclair": false,
      "Outis": false
    },
    "skillReplacementOrders": {
      "Yi Sang": [
        [
          1,
          2
        ],
        [
          2,
          3
        ],
        [
          1,
          3
        ]
      ],
      "Faust": [
        [
          1,
          2
        ],
        [
          2,
          3
        ],
        [
          1,
          3
        ]
      ],
      "Gregor": [
        [
          1,
          2
        ],
        [
          2,
          3
        ],
        [
          1,
          3
        ]
      ],
      "Don Quixote": [
        [
          1,
          2
        ],
        [
          2,
          3
        ],
        [
          1,
          3
        ]
      ],
      "Ishmael": [
        [
          1,
          2
        ],
        [
          2,
          3
        ],
        [
          1,
          3
        ]
      ],
      "Rodion": [
        [
          1,
          2
        ],
        [
          2,
          3
        ],
        [
          1,
          3
        ]
      ],
      "Ryoshu": [
        [
          1,
          2
        ],
        [
          2,
          3
        ],
        [
          1,
          3
        ]
      ],
      "Meursault": [
        [
          1,
          2
        ],
        [
          2,
          3
        ],
        [
          1,
          3
        ]
      ],
      "Hong Lu": [
        [
          1,
          2
        ],
        [
          2,
          3
        ],
        [
          1,
          3
        ]
      ],
      "Heathcliff": [
        [
          1,
          2
        ],
        [
          2,
          3
        ],
        [
          1,
          3
        ]
      ],
      "Sinclair": [
        [
          1,
          2
        ],
        [
          2,
          3
        ],
        [
          1,
          3
        ]
      ],
      "Outis": [
        [
          1,
          2
        ],
        [
          2,
          3
        ],
        [
          1,
          3
        ]
      ]
    },
    "teamName": "Team 19",
    "initialEgoGifts": [
      1,
      2,
      3
    ],
    "mirrorStarEnabled": {},
    "mirrorStarValues": {}
  },
  "19": {
    "selectedMembers": [],
    "shopHealAll": false,
    "selectedStyleType": "Bleed",
    "selectedPreferEgoGiftTypes": [],
    "selectedAccessoryTypes": [],
    "giftName2Status": {},
    "skillReplacementEnabled": {
      "Yi Sang": false,
      "Faust": false,
      "Gregor": false,
      "Don Quixote": false,
      "Ishmael": false,
      "Rodion": false,
      "Ryoshu": false,
      "Meursault": false,
      "Hong Lu": false,
      "Heathcliff": false,
      "Sinclair": false,
      "Outis": false
    },
    "skillReplacementOrders": {
      "Yi Sang": [
        [
          1,
          2
        ],
        [
          2,
          3
        ],
        [
          1,
          3
        ]
      ],
      "Faust": [
        [
          1,
          2
        ],
        [
          2,
          3
        ],
        [
          1,
          3
        ]
      ],
      "Gregor": [
        [
          1,
          2
        ],
        [
          2,
          3
        ],
        [
          1,
          3
        ]
      ],
      "Don Quixote": [
        [
          1,
          2
        ],
        [
          2,
          3
        ],
        [
          1,
          3
        ]
      ],
      "Ishmael": [
        [
          1,
          2
        ],
        [
          2,
          3
        ],
        [
          1,
          3
        ]
      ],
      "Rodion": [
        [
          1,
          2
        ],
        [
          2,
          3
        ],
        [
          1,
          3
        ]
      ],
      "Ryoshu": [
        [
          1,
          2
        ],
        [
          2,
          3
        ],
        [
          1,
          3
        ]
      ],
      "Meursault": [
        [
          1,
          2
        ],
        [
          2,
          3
        ],
        [
          1,
          3
        ]
      ],
      "Hong Lu": [
        [
          1,
          2
        ],
        [
          2,
          3
        ],
        [
          1,
          3
        ]
      ],
      "Heathcliff": [
        [
          1,
          2
        ],
        [
          2,
          3
        ],
        [
          1,
          3
        ]
      ],
      "Sinclair": [
        [
          1,
          2
        ],
        [
          2,
          3
        ],
        [
          1,
          3
        ]
      ],
      "Outis": [
        [
          1,
          2
        ],
        [
          2,
          3
        ],
        [
          1,
          3
        ]
      ]
    },
    "teamName": "Team 20",
    "initialEgoGifts": [
      1,
      2,
      3
    ],
    "mirrorStarEnabled": {},
    "mirrorStarValues": {}
  }
}