{
  "A Certain World": 10,
  "ASEA": 10,
  "Addicting Lust": 10,
  "Automated Factory": 1,
  "Crawling Abyss": 5,
  "Crushers & Breakers": 10,
  "Degraded Gloom": 10,
  "Devoured Gluttony": 10,
  "Dregs of the Manor": 10,
  "Emotional Craving": 10,
  "Emotional Flood": 5,
  "Emotional Indolence": 10,
  "Emotional Judgment": 10,
  "Emotional Repression": 10,
  "Emotional Seduction": 10,
  "Emotional Subservience": 10,
  "Faith & Erosion": 1,
  "Falling Flowers": 1,
  "Flat-broke Gamblers": 20,
  "Full-Stopped by a Bullet": 10,
  "Hatred and Des pair": 10,
  "Hell's Chicken": 100,
  "Insignificant Envy": 10,
  "LCB Reguar Checkup": 1,
  "Lake World": 20,
  "Miracle in District 20": 10,
  "Murder on the WARP Express": 1,
  "Nagel und Hammer": 10,
  "Nest, Workshop, and Technology": 20,
  "Nocturnal Sweeping": 1,
  "Piercers & Penetrators": 10,
  "Repressed Wrath": 10,
  "Slicers & Dicers": 10,
  "Spring Cultivation": 10,
  "Tearful Things": 10,
  "The Forgotten": 20,
  "The Moon of Violet": 10,
  "The Outcast": 5,
  "The Unconfronting": 10,
  "The Unloving": 1,
  "Timekilling Time": 1,
  "To be Cleaved": 10,
  "To be Crushed": 10,
  "To be Pierced": 10,
  "Treadwheel Sloth": 5,
  "Vain Pride": 5,
  "Yield My Flesh to Claim Their Bones": 5
}