{
  "A Certain World": 10,
  "Abnormal Seismi Zone": 10,
  "Addicting Lust": 10,
  "ASEA": 20,
  "Automated Factory": 1,
  "Burning Haze": 5,
  "Crawling Abyss": 5,
  "Crushers & Breakers": 10,
  "Crushing External Force": 20,
  "Deep Sigh": 10,
  "Degraded Gloom": 10,
  "Devoured Gluttony": 20,
  "Dizzying Waves": 10,
  "Dregs of the Manor": 10,
  "Emotional Craving": 20,
  "Emotional Flood": 5,
  "Emotional Indolence": 20,
  "Emotional Judgment": 10,
  "Emotional Repression": 10,
  "Emotional Seduction": 10,
  "Emotional Subservience": 20,
  "Excessive Gluttong": 5,
  "Faith & Erosion": 1,
  "Falling Flowers": 1,
  "Flat-broke Gamblers": 20,
  "Four Houses and Greed": 10,
  "Full-Stopped by a Bullet": 10,
  "Hatred and Despair": 5,
  "Hell's Chicken": 100,
  "Inert Sloth": 1,
  "Insignificant Envy": 10,
  "La Manchaland Reopening": 5,
  "Lake World": 20,
  "LCB Reguar Checkup": 1,
  "Line 1": 1,
  "Line 2": 1,
  "Line 3": 1,
  "Line 4 Section#3": 1,
  "Line 4 Section#4": 1,
  "Line 5": 1,
  "Marder on.the WARP Express BokGak": 1,
  "Miracle in District 20 BokGak": 10,
  "Miracle in District 20": 10,
  "Mountain of Corpses, Sea of Blood": 5,
  "Murder on the WARP Express": 1,
  "Nagel and Hammer": 10,
  "Nest, Workshop, and Technology": 20,
  "Nocturnal Sweeping": 1,
  "Piercers & Penetrators": 10,
  "Pitiful Envy": 10,
  "Poised Breathing": 5,
  "Repressed Wrath": 5,
  "Rising Power Supply": 10,
  "Season of the Flame": 5,
  "Sinking Deluge": 10,
  "Sinking Pang": 10,
  "Slicers & Dicers": 10,
  "Spring Cultivation": 1,
  "Sunk Gloom": 5,
  "Tangling Lust": 5,
  "Tearful Things": 10,
  "The Dream Ending": 5,
  "The Evil Defining": 10,
  "The Forgotten": 20,
  "The Heartbreaking": 10,
  "The Infinite Procession": 10,
  "The Moon of Violet": 10,
  "The Outcast": 5,
  "The Surrendered Witnessing": 10,
  "The Unchanging": 10,
  "The Unconfronting": 10,
  "The Unloving": 1,
  "Thunder and Lightning": 10,
  "Timekilling Time BokGak": 5,
  "Timekilling Time": 1,
  "To be Cleaved": 20,
  "To be Crushed": 10,
  "To be Pierced": 10,
  "Treadwheel Sloth": 5,
  "Trickled Sanguin Blood": 10,
  "Tyrannical Pride": 5,
  "Unbound Wrath": 5,
  "Unrelenting Might": 1,
  "Vain Pride": 5,
  "Vield My Flesh to Claim Their Bones BokGak": 5,
  "Yield My Flesh to Claim Their Bones": 5
}